Project Name,Package Name,Type Name,Method Name,Code Smell
json-schema,org.everit.json.schema,ArraySchema,equals,Long Statement
json-schema,org.everit.json.schema,ArraySchema,tryPropertyDefinitionByMetaIndex,Complex Conditional
json-schema,org.everit.json.schema,ArraySchema,tryPropertyDefinitionByMetaIndex,Complex Method
json-schema,org.everit.json.schema,ArraySchema,tryPropertyDefinitionByMetaIndex,Long Statement
json-schema,org.everit.json.schema,ArraySchema,tryPropertyDefinitionByMetaIndex,Long Statement
json-schema,org.everit.json.schema,ArraySchema,hashCode,Long Statement
json-schema,org.everit.json.schema,ArraySchemaValidatingVisitor,visitAdditionalItems,Complex Conditional
json-schema,org.everit.json.schema,CombinedSchema,validate,Long Statement
json-schema,org.everit.json.schema,CombinedSchema,compareBySchemaType,Long Statement
json-schema,org.everit.json.schema,CombinedSchema,equals,Long Statement
json-schema,org.everit.json.schema,ConditionalSchemaValidatingVisitor,visitConditionalSchema,Complex Conditional
json-schema,org.everit.json.schema,ConditionalSchemaValidatingVisitor,visitConditionalSchema,Long Statement
json-schema,org.everit.json.schema,ConditionalSchemaValidatingVisitor,visitThenSchema,Long Statement
json-schema,org.everit.json.schema,ConditionalSchemaValidatingVisitor,visitElseSchema,Long Statement
json-schema,org.everit.json.schema,FormatValidator,forFormat,Missing default
json-schema,org.everit.json.schema,InternalValidationException,InternalValidationException,Long Parameter List
json-schema,org.everit.json.schema,InternalValidationException,InternalValidationException,Long Parameter List
json-schema,org.everit.json.schema,JSONPointer,JSONPointer,Complex Method
json-schema,org.everit.json.schema,JSONPointer,JSONPointer,Magic Number
json-schema,org.everit.json.schema,JSONPointer,queryFrom,Long Statement
json-schema,org.everit.json.schema,JSONPointer,readByIndexToken,Long Statement
json-schema,org.everit.json.schema,NumberSchema,equals,Long Statement
json-schema,org.everit.json.schema,NumberSchema,hashCode,Long Statement
json-schema,org.everit.json.schema,ObjectSchema,getPatternProperties,Long Statement
json-schema,org.everit.json.schema,ObjectSchema,definesProperty,Long Statement
json-schema,org.everit.json.schema,ObjectSchema,definesProperty,Magic Number
json-schema,org.everit.json.schema,ObjectSchema,equals,Long Statement
json-schema,org.everit.json.schema,ObjectSchema,hashCode,Long Statement
json-schema,org.everit.json.schema,ReadWriteValidator,createForContext,Long Statement
json-schema,org.everit.json.schema,ReferenceSchema,equals,Long Statement
json-schema,org.everit.json.schema,Schema,equals,Long Statement
json-schema,org.everit.json.schema,SchemaException,SchemaException,Long Statement
json-schema,org.everit.json.schema,SchemaLocation,toString,Complex Conditional
json-schema,org.everit.json.schema,StringSchema,equals,Long Statement
json-schema,org.everit.json.schema,StringToValueConverter,stringToValue,Complex Conditional
json-schema,org.everit.json.schema,StringToValueConverter,stringToValue,Empty catch clause
json-schema,org.everit.json.schema,StringToValueConverter,stringToNumber,Complex Conditional
json-schema,org.everit.json.schema,StringToValueConverter,stringToNumber,Complex Conditional
json-schema,org.everit.json.schema,StringToValueConverter,stringToNumber,Complex Method
json-schema,org.everit.json.schema,StringToValueConverter,stringToNumber,Magic Number
json-schema,org.everit.json.schema,StringToValueConverter,stringToNumber,Magic Number
json-schema,org.everit.json.schema,StringToValueConverter,stringToNumber,Magic Number
json-schema,org.everit.json.schema,StringToValueConverter,stringToNumber,Magic Number
json-schema,org.everit.json.schema,ToStringVisitor,visitSchema,Long Identifier
json-schema,org.everit.json.schema,ToStringVisitor,deduceSpecVersion,Long Statement
json-schema,org.everit.json.schema,ToStringVisitor,printInJsonObject,Long Identifier
json-schema,org.everit.json.schema,ToStringVisitor,visitArraySchema,Long Statement
json-schema,org.everit.json.schema,ToStringVisitor,visit,Long Identifier
json-schema,org.everit.json.schema,ValidatingVisitor,ValidatingVisitor,Long Parameter List
json-schema,org.everit.json.schema,ValidatingVisitor,visitNullSchema,Complex Conditional
json-schema,org.everit.json.schema,ValidatingVisitor,visitCombinedSchema,Long Statement
json-schema,org.everit.json.schema,ValidatingVisitor,ifPassesTypeCheck,Complex Method
json-schema,org.everit.json.schema,ValidatingVisitor,ifPassesTypeCheck,Long Parameter List
json-schema,org.everit.json.schema,ValidationException,getAllMessages,Long Statement
json-schema,org.everit.json.schema,ValidationException,getAllMessages,Long Statement
json-schema,org.everit.json.schema,ValidationException,createWrappingException,Long Statement
json-schema,org.everit.json.schema,ValidationException,ValidationException,Long Statement
json-schema,org.everit.json.schema,ValidationException,ValidationException,Long Parameter List
json-schema,org.everit.json.schema,ValidationException,ValidationException,Long Statement
json-schema,org.everit.json.schema,ValidationException,ValidationException,Long Parameter List
json-schema,org.everit.json.schema,ValidationException,ValidationException,Long Parameter List
json-schema,org.everit.json.schema,ValidationException,prepend,Long Statement
json-schema,org.everit.json.schema,ValidationException,prepend,Long Statement
json-schema,org.everit.json.schema,ValidationException,prepend,Magic Number
json-schema,org.everit.json.schema,ValidationException,hashCode,Magic Number
json-schema,org.everit.json.schema,ValidationException,hashCode,Magic Number
json-schema,org.everit.json.schema,ValidationException,hashCode,Magic Number
json-schema,org.everit.json.schema,ValidationException,hashCode,Magic Number
json-schema,org.everit.json.schema,ValidationException,copy,Long Statement
json-schema,org.everit.json.schema,DefaultValidator,performValidation,Long Statement
json-schema,org.everit.json.schema,ArraySchemaTest,additionalItemsSchema,Long Statement
json-schema,org.everit.json.schema,ArraySchemaTest,additionalItemsSchemaFailure,Long Statement
json-schema,org.everit.json.schema,ArraySchemaTest,additionalItemsSchemaFailure,Long Statement
json-schema,org.everit.json.schema,ArraySchemaTest,doesNotRequireExplicitArray,Long Statement
json-schema,org.everit.json.schema,ArraySchemaTest,maxItems,Long Statement
json-schema,org.everit.json.schema,ArraySchemaTest,minItems,Long Statement
json-schema,org.everit.json.schema,ArraySchemaTest,minItems,Magic Number
json-schema,org.everit.json.schema,ArraySchemaTest,noAdditionalItems,Long Statement
json-schema,org.everit.json.schema,ArraySchemaTest,nonUniqueArrayOfArrays,Long Statement
json-schema,org.everit.json.schema,ArraySchemaTest,tupleWithOneItem,Long Statement
json-schema,org.everit.json.schema,ArraySchemaTest,subjectHasLessElemsThanTupleEntries,Long Statement
json-schema,org.everit.json.schema,ArraySchemaTest,equalsVerifier,Long Statement
json-schema,org.everit.json.schema,ArraySchemaTest,containedItemSchemaFailure,Long Statement
json-schema,org.everit.json.schema,ArraySchemaTest,containedItemSchemaEmptyArr,Long Statement
json-schema,org.everit.json.schema,CombinedSchemaTest,subschemasSort,Long Statement
json-schema,org.everit.json.schema,CombinedSchemaTest,subschemasSort,Magic Number
json-schema,org.everit.json.schema,CombinedSchemaTest,subschemasSort,Magic Number
json-schema,org.everit.json.schema,CombinedSchemaTest,subschemasSort,Magic Number
json-schema,org.everit.json.schema,CombinedSchemaTest,subschemasSort,Magic Number
json-schema,org.everit.json.schema,CombinedSchemaTest,subschemasSort,Magic Number
json-schema,org.everit.json.schema,CombinedSchemaTest,subschemasSort,Magic Number
json-schema,org.everit.json.schema,CombinedSchemaTest,subschemasSort,Magic Number
json-schema,org.everit.json.schema,CombinedSchemaTest,allCriterionFailure,Magic Number
json-schema,org.everit.json.schema,CombinedSchemaTest,allCriterionSuccess,Magic Number
json-schema,org.everit.json.schema,CombinedSchemaTest,allCriterionSuccess,Magic Number
json-schema,org.everit.json.schema,CombinedSchemaTest,anyCriterionFailure,Magic Number
json-schema,org.everit.json.schema,CombinedSchemaTest,anyCriterionSuccess,Magic Number
json-schema,org.everit.json.schema,CombinedSchemaTest,anyOfInvalid,Long Statement
json-schema,org.everit.json.schema,CombinedSchemaTest,anyOfInvalid,Magic Number
json-schema,org.everit.json.schema,CombinedSchemaTest,anyOfInvalid,Magic Number
json-schema,org.everit.json.schema,CombinedSchemaTest,oneCriterionFailure,Magic Number
json-schema,org.everit.json.schema,CombinedSchemaTest,oneCriterionFailure,Magic Number
json-schema,org.everit.json.schema,CombinedSchemaTest,oneCriterionSuccess,Magic Number
json-schema,org.everit.json.schema,CombinedSchemaTest,validateAll,Magic Number
json-schema,org.everit.json.schema,CombinedSchemaTest,validateAny,Magic Number
json-schema,org.everit.json.schema,CombinedSchemaTest,validateOne,Magic Number
json-schema,org.everit.json.schema,CombinedSchemaTest,reportCauses,Magic Number
json-schema,org.everit.json.schema,CombinedSchemaTest,equalsVerifier,Long Statement
json-schema,org.everit.json.schema,CombinedSchemaTest,toStringTest,Long Statement
json-schema,org.everit.json.schema,CombinedSchemaTest,toStringTest,Long Statement
json-schema,org.everit.json.schema,CombinedSchemaTest,toStringTest_withSynthetic,Long Statement
json-schema,org.everit.json.schema,CombinedSchemaTest,oneOfEarlyFailureTest,Long Statement
json-schema,org.everit.json.schema,CombinedSchemaTest,oneOfEarlyFailureTest,Long Statement
json-schema,org.everit.json.schema,ConditionalSchemaEventsTest,validateInstance,Empty catch clause
json-schema,org.everit.json.schema,ConditionalSchemaEventsTest,ifMatch_thenMismatch,Long Statement
json-schema,org.everit.json.schema,ConditionalSchemaEventsTest,ifMismatch_elseMatch,Long Statement
json-schema,org.everit.json.schema,ConditionalSchemaEventsTest,ifMismatch_elseMismatch,Long Statement
json-schema,org.everit.json.schema,ConditionalSchemaEventsTest,ifMismatch_elseMismatch,Long Statement
json-schema,org.everit.json.schema,ConditionalSchemaTest,initCompleteSchema,Long Statement
json-schema,org.everit.json.schema,ConditionalSchemaTest,onlyIfSuccessEvenIfDataIsInvalidAgainstSubschema,Magic Number
json-schema,org.everit.json.schema,ConditionalSchemaTest,onlyThenSuccessEvenIfDataIsInvalidAgainstSubschema,Magic Number
json-schema,org.everit.json.schema,ConditionalSchemaTest,ifSubschemaSuccessThenSubschemaFailure,Long Statement
json-schema,org.everit.json.schema,ConditionalSchemaTest,ifSubschemaFailureThenSubschemaFailure,Long Statement
json-schema,org.everit.json.schema,ConditionalSchemaTest,ifSubschemaSuccessThenSubschemaSuccess,Long Statement
json-schema,org.everit.json.schema,ConditionalSchemaTest,ifSubschemaFailureThenSubschemaSuccess,Long Statement
json-schema,org.everit.json.schema,ConditionalSchemaTest,ifSubschemaSuccessElseSubschemaFailure,Long Statement
json-schema,org.everit.json.schema,ConditionalSchemaTest,ifSubschemaFailureElseSubschemaFailure,Long Statement
json-schema,org.everit.json.schema,ConditionalSchemaTest,ifSubschemaSuccessElseSubschemaSuccess,Long Statement
json-schema,org.everit.json.schema,ConditionalSchemaTest,ifSubschemaFailureElseSubschemaSuccess,Long Statement
json-schema,org.everit.json.schema,ConditionalSchemaTest,thenSubschemaSuccessElseSubschemaFailure,Long Statement
json-schema,org.everit.json.schema,ConditionalSchemaTest,thenSubschemaFailureElseSubschemaFailure,Long Statement
json-schema,org.everit.json.schema,ConditionalSchemaTest,thenSubschemaSuccessElseSubschemaSuccess,Long Statement
json-schema,org.everit.json.schema,ConditionalSchemaTest,thenSubschemaFailureElseSubschemaSuccess,Long Statement
json-schema,org.everit.json.schema,ConditionalSchemaTest,ifSubschemaSuccessThenSubschemaSuccessElseSubSchemaSuccess,Long Statement
json-schema,org.everit.json.schema,ConditionalSchemaTest,ifSubschemaSuccessThenSubschemaSuccessElseSubSchemaFailure,Long Statement
json-schema,org.everit.json.schema,ConditionalSchemaTest,ifSubschemaSuccessThenSubschemaFailureElseSubSchemaSuccess,Long Statement
json-schema,org.everit.json.schema,ConditionalSchemaTest,ifSubschemaSuccessThenSubschemaFailureElseSubSchemaFailure,Long Statement
json-schema,org.everit.json.schema,ConditionalSchemaTest,ifSubschemaFailureThenSubschemaSuccessElseSubSchemaSuccess,Long Statement
json-schema,org.everit.json.schema,ConditionalSchemaTest,ifSubschemaFailureThenSubschemaSuccessElseSubSchemaFailure,Long Statement
json-schema,org.everit.json.schema,ConditionalSchemaTest,ifSubschemaFailureThenSubschemaFailureElseSubSchemaSuccess,Long Statement
json-schema,org.everit.json.schema,ConditionalSchemaTest,ifSubschemaFailureThenSubschemaFailureElseSubSchemaFailure,Long Statement
json-schema,org.everit.json.schema,ConstSchemaTest,testFailure,Long Statement
json-schema,org.everit.json.schema,ConstSchemaTest,successWithInteger,Magic Number
json-schema,org.everit.json.schema,ConstSchemaTest,failureWithInteger,Magic Number
json-schema,org.everit.json.schema,ConstSchemaTest,failureWithInteger,Magic Number
json-schema,org.everit.json.schema,DefaultAndRequiredTest,defaultAndRequired,Magic Number
json-schema,org.everit.json.schema,DynamicReferenceSchemaExample,main,Magic Number
json-schema,org.everit.json.schema,DynamicReferenceSchemaExample,main,Magic Number
json-schema,org.everit.json.schema,EmptySchemaTest,testAllGenericProps,Magic Number
json-schema,org.everit.json.schema,EmptySchemaTest,equalsVerifier,Long Statement
json-schema,org.everit.json.schema,EnumSchemaTest,toStringTest,Magic Number
json-schema,org.everit.json.schema,EnumSchemaTest,equalsVerifier,Long Statement
json-schema,org.everit.json.schema,JSONMatcher,describeTo,Magic Number
json-schema,org.everit.json.schema,JSONMatcher,describeMismatchSafely,Magic Number
json-schema,org.everit.json.schema,JSONPointerTest,toStringEscaping,Long Statement
json-schema,org.everit.json.schema,JSONPointerTest,queryFromJSONObject,Long Statement
json-schema,org.everit.json.schema,JSONPointerTest,queryFromJSONObject,Long Statement
json-schema,org.everit.json.schema,JSONPointerTest,queryFromJSONObjectUsingPointer,Long Statement
json-schema,org.everit.json.schema,JSONPointerTest,queryFromJSONObjectUsingPointer,Long Statement
json-schema,org.everit.json.schema,JSONPointerTest,optQueryFromJSONObjectUsingPointer,Long Statement
json-schema,org.everit.json.schema,NotSchemaTest,equalsVerifier,Long Statement
json-schema,org.everit.json.schema,NullableValidationTest,testNullableFalse_JSONNull,Long Statement
json-schema,org.everit.json.schema,NullableValidationTest,testNullableFalse_nullReference,Long Statement
json-schema,org.everit.json.schema,NullSchemaTest,equalsVerifier,Long Statement
json-schema,org.everit.json.schema,NumberComparatorTest,equalCases,Long Statement
json-schema,org.everit.json.schema,NumberComparatorTest,notEqualCases,Long Statement
json-schema,org.everit.json.schema,NumberComparatorTest,notEqualCases,Magic Number
json-schema,org.everit.json.schema,NumberSchemaTest,exclusiveMinimum,Magic Number
json-schema,org.everit.json.schema,NumberSchemaTest,exclusiveMinimum,Magic Number
json-schema,org.everit.json.schema,NumberSchemaTest,maximumFailure,Magic Number
json-schema,org.everit.json.schema,NumberSchemaTest,maximumFailure,Magic Number
json-schema,org.everit.json.schema,NumberSchemaTest,exclusiveMaximum,Magic Number
json-schema,org.everit.json.schema,NumberSchemaTest,exclusiveMaximum,Magic Number
json-schema,org.everit.json.schema,NumberSchemaTest,minimumFailure,Magic Number
json-schema,org.everit.json.schema,NumberSchemaTest,minimumFailure,Magic Number
json-schema,org.everit.json.schema,NumberSchemaTest,minimumFailureLong,Magic Number
json-schema,org.everit.json.schema,NumberSchemaTest,minimumFailureLong,Magic Number
json-schema,org.everit.json.schema,NumberSchemaTest,minimumFailureLong,Magic Number
json-schema,org.everit.json.schema,NumberSchemaTest,minimumFailureLong,Magic Number
json-schema,org.everit.json.schema,NumberSchemaTest,minimumFailureBigInt,Magic Number
json-schema,org.everit.json.schema,NumberSchemaTest,minimumFailureBigInt,Magic Number
json-schema,org.everit.json.schema,NumberSchemaTest,exclusiveMinimumLimit,Long Statement
json-schema,org.everit.json.schema,NumberSchemaTest,exclusiveMinimumLimit,Magic Number
json-schema,org.everit.json.schema,NumberSchemaTest,exclusiveMinimumLimit,Magic Number
json-schema,org.everit.json.schema,NumberSchemaTest,exclusiveMaximumLimit,Long Statement
json-schema,org.everit.json.schema,NumberSchemaTest,exclusiveMaximumLimit,Magic Number
json-schema,org.everit.json.schema,NumberSchemaTest,exclusiveMaximumLimit,Magic Number
json-schema,org.everit.json.schema,NumberSchemaTest,exclusiveLimitsSuccess,Magic Number
json-schema,org.everit.json.schema,NumberSchemaTest,exclusiveLimitsSuccess,Magic Number
json-schema,org.everit.json.schema,NumberSchemaTest,exclusiveLimitsSuccess,Magic Number
json-schema,org.everit.json.schema,NumberSchemaTest,multipleOfFailure,Magic Number
json-schema,org.everit.json.schema,NumberSchemaTest,multipleOfFailure,Magic Number
json-schema,org.everit.json.schema,NumberSchemaTest,shouldListAllViolationsWhenThereIsMoreThanOne,Magic Number
json-schema,org.everit.json.schema,NumberSchemaTest,shouldListAllViolationsWhenThereIsMoreThanOne,Magic Number
json-schema,org.everit.json.schema,NumberSchemaTest,shouldListAllViolationsWhenThereIsMoreThanOne,Magic Number
json-schema,org.everit.json.schema,NumberSchemaTest,shouldListAllViolationsWhenThereIsMoreThanOne,Magic Number
json-schema,org.everit.json.schema,NumberSchemaTest,shouldListAllViolationsWhenThereIsMoreThanOne,Magic Number
json-schema,org.everit.json.schema,NumberSchemaTest,requiresIntegerFailure,Magic Number
json-schema,org.everit.json.schema,NumberSchemaTest,requiresIntegerStringGivenFailure,Long Statement
json-schema,org.everit.json.schema,NumberSchemaTest,requiresIntegerSuccess,Magic Number
json-schema,org.everit.json.schema,NumberSchemaTest,smallMultipleOf,Magic Number
json-schema,org.everit.json.schema,NumberSchemaTest,smallMultipleOf,Magic Number
json-schema,org.everit.json.schema,NumberSchemaTest,success,Magic Number
json-schema,org.everit.json.schema,NumberSchemaTest,success,Magic Number
json-schema,org.everit.json.schema,NumberSchemaTest,success,Magic Number
json-schema,org.everit.json.schema,NumberSchemaTest,success,Magic Number
json-schema,org.everit.json.schema,NumberSchemaTest,longNumber,Magic Number
json-schema,org.everit.json.schema,NumberSchemaTest,equalsVerifier,Long Statement
json-schema,org.everit.json.schema,NumberSchemaTest,toStringExclusiveLimits,Magic Number
json-schema,org.everit.json.schema,NumberSchemaTest,toStringExclusiveLimits,Magic Number
json-schema,org.everit.json.schema,NumberSchemaTest,toStringExclusiveKeywordClash,Long Statement
json-schema,org.everit.json.schema,NumberSchemaTest,toStringExclusiveKeywordClash,Magic Number
json-schema,org.everit.json.schema,NumberSchemaTest,toStringExclusiveKeywordClash,Magic Number
json-schema,org.everit.json.schema,NumberSchemaTest,toStringExclusiveKeywordClash,Magic Number
json-schema,org.everit.json.schema,NumberSchemaTest,toStringExclusiveKeywordClash,Magic Number
json-schema,org.everit.json.schema,NumberSchemaTest,exclusiveMinimumDoubleBoundary,Magic Number
json-schema,org.everit.json.schema,NumberSchemaTest,exclusiveMinimumDoubleBoundary,Magic Number
json-schema,org.everit.json.schema,NumberSchemaTest,tryIntegerTypes,Magic Number
json-schema,org.everit.json.schema,NumberSchemaTest,tryIntegerTypes,Magic Number
json-schema,org.everit.json.schema,NumberSchemaTest,tryIntegerTypes,Magic Number
json-schema,org.everit.json.schema,ObjectComparatorTest,failingCases,Long Statement
json-schema,org.everit.json.schema,ObjectSchemaTest,toStringToSchemaMap,Long Statement
json-schema,org.everit.json.schema,ObjectSchemaTest,additionalPropertiesOnEmptyObject,Long Statement
json-schema,org.everit.json.schema,ObjectSchemaTest,additionalPropertySchema,Long Statement
json-schema,org.everit.json.schema,ObjectSchemaTest,maxPropertiesFailure,Long Statement
json-schema,org.everit.json.schema,ObjectSchemaTest,maxPropertiesFailure,Magic Number
json-schema,org.everit.json.schema,ObjectSchemaTest,minPropertiesFailure,Long Statement
json-schema,org.everit.json.schema,ObjectSchemaTest,minPropertiesFailure,Magic Number
json-schema,org.everit.json.schema,ObjectSchemaTest,multipleAdditionalProperties,Magic Number
json-schema,org.everit.json.schema,ObjectSchemaTest,multipleSchemaDepViolation,Long Statement
json-schema,org.everit.json.schema,ObjectSchemaTest,multipleSchemaDepViolation,Magic Number
json-schema,org.everit.json.schema,ObjectSchemaTest,multipleViolations,Magic Number
json-schema,org.everit.json.schema,ObjectSchemaTest,multipleViolations,Magic Number
json-schema,org.everit.json.schema,ObjectSchemaTest,multipleViolationsNested,Long Statement
json-schema,org.everit.json.schema,ObjectSchemaTest,multipleViolationsNested,Long Statement
json-schema,org.everit.json.schema,ObjectSchemaTest,multipleViolationsNested,Long Statement
json-schema,org.everit.json.schema,ObjectSchemaTest,multipleViolationsNested,Magic Number
json-schema,org.everit.json.schema,ObjectSchemaTest,multipleViolationsNested,Magic Number
json-schema,org.everit.json.schema,ObjectSchemaTest,multipleViolationsNested,Magic Number
json-schema,org.everit.json.schema,ObjectSchemaTest,multipleViolationsNested,Magic Number
json-schema,org.everit.json.schema,ObjectSchemaTest,patternPropertyTranslation,Long Statement
json-schema,org.everit.json.schema,ObjectSchemaTest,patternPropertyOverridesAdditionalPropSchema,Long Statement
json-schema,org.everit.json.schema,ObjectSchemaTest,patternPropertyViolation,Long Statement
json-schema,org.everit.json.schema,ObjectSchemaTest,patternPropsOverrideAdditionalProps,Long Statement
json-schema,org.everit.json.schema,ObjectSchemaTest,propertyDepViolation,Long Statement
json-schema,org.everit.json.schema,ObjectSchemaTest,requiredProperties,Long Statement
json-schema,org.everit.json.schema,ObjectSchemaTest,requiredProperties,Long Statement
json-schema,org.everit.json.schema,ObjectSchemaTest,schemaDepViolation,Long Statement
json-schema,org.everit.json.schema,ObjectSchemaTest,equalsVerifier,Long Statement
json-schema,org.everit.json.schema,ObjectSchemaTest,toStringWithDefault,Long Statement
json-schema,org.everit.json.schema,ObjectSchemaTest,schemaPointerIsPassedToValidationException,Long Statement
json-schema,org.everit.json.schema,ObjectSchemaTest,propertyNamesFailure,Long Statement
json-schema,org.everit.json.schema,ObjectSchemaTest,propertyNamesFailure,Magic Number
json-schema,org.everit.json.schema,ObjectSchemaTest,propertyNamesFailure,Magic Number
json-schema,org.everit.json.schema,PointerBubblingTest,rectangleMultipleFailures,Magic Number
json-schema,org.everit.json.schema,ReferenceSchemaTest,equalsVerifier,Long Statement
json-schema,org.everit.json.schema,ResourceLoader,getStream,Long Statement
json-schema,org.everit.json.schema,SchemaLocationTest,equalsVerifier,Long Statement
json-schema,org.everit.json.schema,StringSchemaTest,maxLength,Magic Number
json-schema,org.everit.json.schema,StringSchemaTest,minLength,Magic Number
json-schema,org.everit.json.schema,StringSchemaTest,multipleViolations,Magic Number
json-schema,org.everit.json.schema,StringSchemaTest,multipleViolations,Magic Number
json-schema,org.everit.json.schema,StringSchemaTest,notRequiresString,Magic Number
json-schema,org.everit.json.schema,StringSchemaTest,equalsVerifier,Long Statement
json-schema,org.everit.json.schema,StringSchemaTest,regexpFactoryIsUsedByLoader,Long Statement
json-schema,org.everit.json.schema,StringToValueConverterTest,testStringToValueWithInteger,Magic Number
json-schema,org.everit.json.schema,TestSupport,countCauseByJsonPointer,Long Statement
json-schema,org.everit.json.schema,TestSupport,assertEmptyCauseStackTraces,Long Statement
json-schema,org.everit.json.schema,ToStringTest,testBooleanSchema,Long Statement
json-schema,org.everit.json.schema,ToStringTest,testArraySchema,Long Statement
json-schema,org.everit.json.schema,ToStringTest,testArraySchema,Magic Number
json-schema,org.everit.json.schema,ToStringTest,testArraySchema,Magic Number
json-schema,org.everit.json.schema,ToStringTest,idKeywordForDraftV6,Long Statement
json-schema,org.everit.json.schema,ToStringTest,nonStringSchemaVersionIsIgnored,Magic Number
json-schema,org.everit.json.schema,ToStringTest,unrecognizedSchemaVersionIsIgnored,Long Statement
json-schema,org.everit.json.schema,ValidatingVisitorTest,createValidatingVisitor,Long Statement
json-schema,org.everit.json.schema,ValidatingVisitorTest,lenientMode_expectedString_actualNumber,Magic Number
json-schema,org.everit.json.schema,ValidatingVisitorTest,lenientMode_expectedInteger_actualString,Magic Number
json-schema,org.everit.json.schema,ValidatingVisitorTest,permittedTypes,Long Statement
json-schema,org.everit.json.schema,ValidatingVisitorTest,triggersCombinedSchemaEvents,Long Statement
json-schema,org.everit.json.schema,PassesTypeCheckTests,createValidatingVisitor,Long Statement
json-schema,org.everit.json.schema,PassesTypeCheckTests,lenientMode_expectedString_actualNumber,Magic Number
json-schema,org.everit.json.schema,PassesTypeCheckTests,lenientMode_expectedInteger_actualString,Magic Number
json-schema,org.everit.json.schema,ValidationExceptionTest,constructorNullSchema,Magic Number
json-schema,org.everit.json.schema,ValidationExceptionTest,nullPointerFragmentFailure,Magic Number
json-schema,org.everit.json.schema,ValidationExceptionTest,prependNoSchemaChange,Magic Number
json-schema,org.everit.json.schema,ValidationExceptionTest,prependPointer,Magic Number
json-schema,org.everit.json.schema,ValidationExceptionTest,violationCountWithCauses,Magic Number
json-schema,org.everit.json.schema,ValidationExceptionTest,violationCountWithNestedCauses,Long Statement
json-schema,org.everit.json.schema,ValidationExceptionTest,violationCountWithNestedCauses,Magic Number
json-schema,org.everit.json.schema,ValidationExceptionTest,testConstructor,Magic Number
json-schema,org.everit.json.schema,ValidationExceptionTest,throwForMultipleFailures,Magic Number
json-schema,org.everit.json.schema,ValidationExceptionTest,toStringWithCauses,Long Statement
json-schema,org.everit.json.schema,ValidationExceptionTest,testToJSON,Long Statement
json-schema,org.everit.json.schema,ValidationExceptionTest,testToJSONWithSchemaLocation,Long Statement
json-schema,org.everit.json.schema,ValidationExceptionTest,toJSONNullPointerToViolation,Long Statement
json-schema,org.everit.json.schema,ValidationExceptionTest,toJSONWithCauses,Long Statement
json-schema,org.everit.json.schema,ValidationExceptionTest,toJSONWithCauses,Long Statement
json-schema,org.everit.json.schema,ValidatorTest,testCollectAllMode,Long Statement
json-schema,org.everit.json.schema,ValidatorTest,testCollectAllMode,Magic Number
json-schema,org.everit.json.schema,ValidatorTest,testFailEarlyMode,Long Statement
json-schema,org.everit.json.schema,ValidatorTest,readOnlyContext,Long Statement
json-schema,org.everit.json.schema,ValidatorTest,writeOnlyContext,Long Statement
json-schema,org.everit.json.schema,ValidatorTest,readOnlyNullValue,Long Statement
json-schema,org.everit.json.schema,V6TestSuiteTest,params,Long Statement
json-schema,org.everit.json.schema,V7TestSuiteTest,params,Long Statement
json-schema,org.everit.json.schema,EmptyObjectTest,validateEmptyObject,Long Statement
json-schema,org.everit.json.schema,EvenCharNumValidator,validate,Magic Number
json-schema,org.everit.json.schema,InvalidObjectInArrayTest,readObject,Long Statement
json-schema,org.everit.json.schema,IssueServlet,doGet,Magic Number
json-schema,org.everit.json.schema,IssueTest,params,Long Statement
json-schema,org.everit.json.schema,IssueTest,consumeValidatorConfig,Complex Method
json-schema,org.everit.json.schema,IssueTest,consumeValidatorConfig,Long Statement
json-schema,org.everit.json.schema,IssueTest,consumeValidatorConfig,Long Statement
json-schema,org.everit.json.schema,IssueTest,consumeValidatorConfig,Long Statement
json-schema,org.everit.json.schema,IssueTest,consumeValidatorConfig,Long Statement
json-schema,org.everit.json.schema,IssueTest,consumeValidatorConfig,Magic Number
json-schema,org.everit.json.schema,IssueTest,consumeValidatorConfig,Magic Number
json-schema,org.everit.json.schema,IssueTest,consumeValidatorConfig,Magic Number
json-schema,org.everit.json.schema,IssueTest,consumeValidatorConfig,Magic Number
json-schema,org.everit.json.schema,IssueTest,consumeValidatorConfig,Magic Number
json-schema,org.everit.json.schema,IssueTest,checkExpectedValues,Magic Number
json-schema,org.everit.json.schema,IssueTest,checkExpectedValues,Magic Number
json-schema,org.everit.json.schema,JettyWrapper,JettyWrapper,Magic Number
json-schema,org.everit.json.schema,MetaSchemaTest,validateMetaSchema,Long Statement
json-schema,org.everit.json.schema,RelativeURITest,test,Long Statement
json-schema,org.everit.json.schema,TestCase,assertEmptyCauseStackTraces,Long Statement
json-schema,org.everit.json.schema.event,CombinedSchemaMatchEventTest,equalsVerifier,Long Statement
json-schema,org.everit.json.schema.event,CombinedSchemaMismatchEventTest,equalsVerifier,Long Statement
json-schema,org.everit.json.schema.event,ConditionalSchemaMatchEventTest,equalsVerifier,Long Statement
json-schema,org.everit.json.schema.event,ConditionalSchemaMismatchEventTest,equalsVerifier,Long Statement
json-schema,org.everit.json.schema.event,SchemaReferencedEventTest,equalsVerifier,Long Statement
json-schema,org.everit.json.schema.internal,HostnameFormatValidator,validate,Long Statement
json-schema,org.everit.json.schema.internal,IPAddressValidator,checkIpAddress,Long Statement
json-schema,org.everit.json.schema.internal,IPV4Validator,validate,Long Statement
json-schema,org.everit.json.schema.internal,IPV6Validator,validate,Long Statement
json-schema,org.everit.json.schema.internal,JSONWriter,subclassOfJSONString,Long Statement
json-schema,org.everit.json.schema.internal,JSONWriter,array,Complex Conditional
json-schema,org.everit.json.schema.internal,JSONWriter,valueToString,Complex Conditional
json-schema,org.everit.json.schema.internal,JSONWriter,valueToString,Complex Method
json-schema,org.everit.json.schema.internal,RelativeJsonPointerFormatValidator,next,Magic Number
json-schema,org.everit.json.schema.internal,RelativeJsonPointerFormatValidator,parseUpwardsStepCount,Complex Conditional
json-schema,org.everit.json.schema.internal,Parser,next,Magic Number
json-schema,org.everit.json.schema.internal,Parser,parseUpwardsStepCount,Complex Conditional
json-schema,org.everit.json.schema.internal,URIFormatValidator,validate,Complex Conditional
json-schema,org.everit.json.schema.internal,URIFormatValidator,validate,Empty catch clause
json-schema,org.everit.json.schema.internal,DefaultFormatValidatorTest,dateTimeExceedingLimits,Long Statement
json-schema,org.everit.json.schema.internal,DefaultFormatValidatorTest,dateTimeFormatFailure,Long Statement
json-schema,org.everit.json.schema.internal,DefaultFormatValidatorTest,dateTimeWithTenDigitsInSecFracFailure,Long Statement
json-schema,org.everit.json.schema.internal,DefaultFormatValidatorTest,timeFailure,Long Statement
json-schema,org.everit.json.schema.internal,DefaultFormatValidatorTest,timeWithTenDigitsInSecFracFailure,Long Statement
json-schema,org.everit.json.schema.internal,DefaultFormatValidatorTest,hostnameLengthFailure,Magic Number
json-schema,org.everit.json.schema.internal,JSONPrinterTest,printSchemaMap,Magic Number
json-schema,org.everit.json.schema.internal,URITemplateFormatTest,unclosedBracket,Long Statement
json-schema,org.everit.json.schema.loader,ArraySchemaLoader,load,Long Statement
json-schema,org.everit.json.schema.loader,ArraySchemaLoader,load,Long Statement
json-schema,org.everit.json.schema.loader,ClassPathAwareSchemaClient,handleProtocol,Long Statement
json-schema,org.everit.json.schema.loader,CombinedSchemaLoader,extract,Long Statement
json-schema,org.everit.json.schema.loader,CombinedSchemaLoader,loadCombinedSchemaForKeyword,Long Statement
json-schema,org.everit.json.schema.loader,ExclusiveLimitHandler,ofSpecVersion,Missing default
json-schema,org.everit.json.schema.loader,JsonPointerEvaluator,forURL,Long Statement
json-schema,org.everit.json.schema.loader,JsonPointerEvaluator,queryFrom,Long Statement
json-schema,org.everit.json.schema.loader,JsonValue,requireAny,Long Statement
json-schema,org.everit.json.schema.loader,Multiplexer,requireAny,Long Statement
json-schema,org.everit.json.schema.loader,LoaderConfig,LoaderConfig,Long Parameter List
json-schema,org.everit.json.schema.loader,LoaderConfig,initLoader,Long Statement
json-schema,org.everit.json.schema.loader,LoadingState,LoadingState,Long Parameter List
json-schema,org.everit.json.schema.loader,LoadingState,LoadingState,Long Parameter List
json-schema,org.everit.json.schema.loader,LoadingState,childFor,Long Statement
json-schema,org.everit.json.schema.loader,LoadingState,childFor,Long Statement
json-schema,org.everit.json.schema.loader,LoadingState,createCopyForNewSchemaJson,Long Statement
json-schema,org.everit.json.schema.loader,ObjectSchemaLoader,load,Long Statement
json-schema,org.everit.json.schema.loader,ObjectSchemaLoader,load,Long Statement
json-schema,org.everit.json.schema.loader,ObjectSchemaLoader,load,Long Statement
json-schema,org.everit.json.schema.loader,ObjectSchemaLoader,load,Long Statement
json-schema,org.everit.json.schema.loader,ObjectSchemaLoader,addDependency,Long Statement
json-schema,org.everit.json.schema.loader,ReferenceLookup,lookup,Long Statement
json-schema,org.everit.json.schema.loader,TypeBasedSchemaExtractor,extract,Long Statement
json-schema,org.everit.json.schema.loader,TypeBasedSchemaExtractor,loadForExplicitType,Complex Method
json-schema,org.everit.json.schema.loader,TypeBasedSchemaExtractor,loadForExplicitType,Missing default
json-schema,org.everit.json.schema.loader,SchemaLoader,addBuiltInFormatValidators,Long Identifier
json-schema,org.everit.json.schema.loader,SchemaLoader,enableOverrideOfBuiltInFormatValidators,Long Identifier
json-schema,org.everit.json.schema.loader,SchemaLoader,SchemaLoader,Long Statement
json-schema,org.everit.json.schema.loader,SchemaLoader,SchemaLoader,Long Statement
json-schema,org.everit.json.schema.loader,SchemaLoader,loadSchemaObject,Long Statement
json-schema,org.everit.json.schema.loader,SchemaLoader,runSchemaExtractors,Long Statement
json-schema,org.everit.json.schema.loader,SchemaLoader,load,Long Statement
json-schema,org.everit.json.schema.loader,SchemaLoaderBuilder,addBuiltInFormatValidators,Long Identifier
json-schema,org.everit.json.schema.loader,SchemaLoaderBuilder,enableOverrideOfBuiltInFormatValidators,Long Identifier
json-schema,org.everit.json.schema.loader,StringSchemaLoader,load,Long Statement
json-schema,org.everit.json.schema.loader,AdjacentSchemaExtractionStateTest,testReduce,Long Statement
json-schema,org.everit.json.schema.loader,ArraySchemaLoaderTest,arraySchema,Magic Number
json-schema,org.everit.json.schema.loader,ArraySchemaLoaderTest,arraySchema,Magic Number
json-schema,org.everit.json.schema.loader,CombinedSchemaLoaderTest,multipleCombinedSchemasAtTheSameNestingLevel,Long Statement
json-schema,org.everit.json.schema.loader,CombinedSchemaLoaderTest,multipleCombinedSchemasAtTheSameNestingLevel,Long Statement
json-schema,org.everit.json.schema.loader,ConfigurationPropagationTest,configurationPropagationTest,Long Statement
json-schema,org.everit.json.schema.loader,CustomFormatValidatorTest,validate,Magic Number
json-schema,org.everit.json.schema.loader,CustomFormatValidatorTest,test,Empty catch clause
json-schema,org.everit.json.schema.loader,CustomFormatValidatorTest,test,Long Statement
json-schema,org.everit.json.schema.loader,CustomFormatValidatorTest,nameOverride,Long Statement
json-schema,org.everit.json.schema.loader,CustomFormatValidatorTest,formatValidatorWithoutExplicitName,Long Statement
json-schema,org.everit.json.schema.loader,EvenCharNumValidator,validate,Magic Number
json-schema,org.everit.json.schema.loader,DefinesPropertyTest,definesPropertyIfSubschemaMatchCountIsAcceptedByCriterion,Long Statement
json-schema,org.everit.json.schema.loader,DefinesPropertyTest,definesPropertyIfSubschemaMatchCountIsAcceptedByCriterion,Magic Number
json-schema,org.everit.json.schema.loader,DefinesPropertyTest,testOfTest,Long Statement
json-schema,org.everit.json.schema.loader,JsonObjectTest,testMaybeWithFn,Magic Number
json-schema,org.everit.json.schema.loader,JsonObjectTest,testMaybeWithFn,Magic Number
json-schema,org.everit.json.schema.loader,JsonObjectTest,testMaybeWithFnMiss,Magic Number
json-schema,org.everit.json.schema.loader,JsonPointerEvaluatorTest,remoteDocumentSuccess,Long Statement
json-schema,org.everit.json.schema.loader,JsonPointerEvaluatorTest,remoteDocumentSuccess,Long Statement
json-schema,org.everit.json.schema.loader,JsonPointerEvaluatorTest,remoteDocument_jsonParsingFailure,Long Statement
json-schema,org.everit.json.schema.loader,JsonPointerEvaluatorTest,schemaExceptionForInvalidURI,Long Statement
json-schema,org.everit.json.schema.loader,JsonValueTest,requireStringWithMapper,Magic Number
json-schema,org.everit.json.schema.loader,JsonValueTest,requireNumberSuccess,Magic Number
json-schema,org.everit.json.schema.loader,JsonValueTest,requireNumberSuccess,Magic Number
json-schema,org.everit.json.schema.loader,JsonValueTest,requireNumberWithMapping,Magic Number
json-schema,org.everit.json.schema.loader,JsonValueTest,requireNumberWithMapping,Magic Number
json-schema,org.everit.json.schema.loader,JsonValueTest,requireIntegerSuccess,Magic Number
json-schema,org.everit.json.schema.loader,JsonValueTest,requireIntegerWithMapper,Magic Number
json-schema,org.everit.json.schema.loader,JsonValueTest,requireArrayWithMapping,Magic Number
json-schema,org.everit.json.schema.loader,JsonValueTest,providerTestFactory,Long Statement
json-schema,org.everit.json.schema.loader,JsonValueTest,canBeSchemaWithV6hasProperExceptionMessage,Magic Number
json-schema,org.everit.json.schema.loader,NumberSchemaLoadingTest,v4Attributes,Long Statement
json-schema,org.everit.json.schema.loader,NumberSchemaLoadingTest,v4Attributes,Magic Number
json-schema,org.everit.json.schema.loader,NumberSchemaLoadingTest,v4Attributes,Magic Number
json-schema,org.everit.json.schema.loader,NumberSchemaLoadingTest,v4Attributes,Magic Number
json-schema,org.everit.json.schema.loader,NumberSchemaLoadingTest,v6Attributes,Long Statement
json-schema,org.everit.json.schema.loader,NumberSchemaLoadingTest,v6Attributes,Magic Number
json-schema,org.everit.json.schema.loader,NumberSchemaLoadingTest,v6Attributes,Magic Number
json-schema,org.everit.json.schema.loader,NumberSchemaLoadingTest,v6Attributes,Magic Number
json-schema,org.everit.json.schema.loader,NumberSchemaLoadingTest,v6Attributes,Magic Number
json-schema,org.everit.json.schema.loader,NumberSchemaLoadingTest,v6Attributes,Magic Number
json-schema,org.everit.json.schema.loader,NumberSchemaLoadingTest,v6DoubleLimits,Long Statement
json-schema,org.everit.json.schema.loader,NumberSchemaLoadingTest,exclusiveMaximumIntegTest,Magic Number
json-schema,org.everit.json.schema.loader,ObjectSchemaLoaderTest,objectSchema,Magic Number
json-schema,org.everit.json.schema.loader,ObjectSchemaLoaderTest,objectSchema,Magic Number
json-schema,org.everit.json.schema.loader,ObjectSchemaLoaderTest,objectSchema,Magic Number
json-schema,org.everit.json.schema.loader,ObjectSchemaLoaderTest,objectSchema,Magic Number
json-schema,org.everit.json.schema.loader,ObjectSchemaLoaderTest,patternProperties,Magic Number
json-schema,org.everit.json.schema.loader,ProjectedJsonObjectTest,isEmptyTakesHiddenKeysIntoAccount,Long Statement
json-schema,org.everit.json.schema.loader,ProjectedJsonObjectTest,isEmptyTakesHiddenKeysIntoAccount,Magic Number
json-schema,org.everit.json.schema.loader,ProjectedJsonObjectTest,isEmptyTakesHiddenKeysIntoAccount,Magic Number
json-schema,org.everit.json.schema.loader,ReferenceLookupTest,query,Long Statement
json-schema,org.everit.json.schema.loader,RegisteredURIResolutionTest,success,Long Statement
json-schema,org.everit.json.schema.loader,RegisteredURIResolutionTest,urnWithFragment,Long Statement
json-schema,org.everit.json.schema.loader,RegisteredURIResolutionTest,httpURL,Long Statement
json-schema,org.everit.json.schema.loader,SchemaLoaderTest,builderOverrideOfBuiltInFormatValidators,Long Statement
json-schema,org.everit.json.schema.loader,SchemaLoaderTest,builderKeepBuiltInFormatValidatorsByDefault,Long Statement
json-schema,org.everit.json.schema.loader,SchemaLoaderTest,customFormat,Long Statement
json-schema,org.everit.json.schema.loader,SchemaLoaderTest,enumSchema,Magic Number
json-schema,org.everit.json.schema.loader,SchemaLoaderTest,integerSchema,Magic Number
json-schema,org.everit.json.schema.loader,SchemaLoaderTest,integerSchema,Magic Number
json-schema,org.everit.json.schema.loader,SchemaLoaderTest,integerSchema,Magic Number
json-schema,org.everit.json.schema.loader,SchemaLoaderTest,implicitAnyOfLoadsTypeProps,Long Statement
json-schema,org.everit.json.schema.loader,SchemaLoaderTest,implicitAnyOfLoadsTypeProps,Long Statement
json-schema,org.everit.json.schema.loader,SchemaLoaderTest,implicitAnyOfLoadsTypeProps,Magic Number
json-schema,org.everit.json.schema.loader,SchemaLoaderTest,implicitAnyOfLoadsTypeProps,Magic Number
json-schema,org.everit.json.schema.loader,SchemaLoaderTest,pointerResolution,Long Statement
json-schema,org.everit.json.schema.loader,SchemaLoaderTest,stringSchema,Magic Number
json-schema,org.everit.json.schema.loader,SchemaLoaderTest,stringSchema,Magic Number
json-schema,org.everit.json.schema.loader,SchemaLoaderTest,tupleSchema,Magic Number
json-schema,org.everit.json.schema.loader,SchemaLoaderTest,refPointerDerivatedFromPointer,Long Statement
json-schema,org.everit.json.schema.loader,SchemaLoaderTest,relativeIdInReferencedSchemaRoot,Long Statement
json-schema,org.everit.json.schema.loader,SchemaLoaderTest,applyDefaultNumberTest,Magic Number
json-schema,org.everit.json.schema.loader,SchemaLoaderTest,unprocessedPropertiesAreLoaded,Long Statement
json-schema,org.everit.json.schema.loader,SchemaLoaderTest,unprocessedPropertiesAreLoaded,Long Statement
json-schema,org.everit.json.schema.loader,SchemaLoaderTest,unprocessedPropertiesAreLoadedForRefElement,Long Statement
json-schema,org.everit.json.schema.loader,SchemaLoaderTest,unprocessedPropertiesAreLoadedForRefElement,Long Statement
json-schema,org.everit.json.schema.loader,SchemaLoaderTest,unprocessedPropertiesAreLoadedForRefElement,Long Statement
json-schema,org.everit.json.schema.loader,SchemaLoaderTest,unprocessedPropertiesAreLoadedForRefElement,Long Statement
json-schema,org.everit.json.schema.loader,SchemaLoaderTest,unprocessedPropertiesAreLoadedForRefElement,Long Statement
json-schema,org.everit.json.schema.loader,SchemaLoaderTest,unprocessedPropertiesAreLoadedForRefElement,Long Statement
json-schema,org.everit.json.schema.loader,SchemaLoaderTest,unprocessedPropertiesAreLoadedForRefElement,Long Statement
json-schema,org.everit.json.schema.loader,SchemaLoaderTest,explicitlySetResolutionScope_isMappedToSchemaLocation,Long Statement
json-schema,org.everit.json.schema.loader,SubschemaRegistryTest,childInArrayById_isRecognized,Long Statement
json-schema,org.everit.json.schema.loader.internal,TypeBasedMultiplexer,orElse,Long Statement
json-schema,org.everit.json.schema.loader.internal,ReferenceResolverTest,params,Long Statement
json-schema,org.everit.json.schema.loader.internal,TypeBasedMultiplexerTest,differentPortNum,Long Statement
json-schema,org.everit.json.schema.loader.internal,TypeBasedMultiplexerTest,relpathThenFragment,Long Statement
json-schema,org.everit.json.schema.loader.internal,TypeBasedMultiplexerTest,relpathWithFragment,Long Statement
json-schema,org.everit.json.schema.regexp,JavaUtilRegexpTest,equalsVerifier,Long Statement
json-schema,org.everit.json.schema.regexp,RE2JRegexpTest,equalsVerifier,Long Statement
